-- Dados completos do sistema de quiz
-- Este arquivo será executado automaticamente na inicialização do MySQL

-- Configurações de charset UTF-8
SET NAMES utf8mb4;
SET CHARACTER SET utf8mb4;
SET collation_connection = utf8mb4_unicode_ci;

-- Inserir instituições
INSERT INTO instituicoes (id, nome, logo) VALUES
(1, 'UFU', NULL),
(2, 'UNIARAXÁ', NULL),
(3, 'IFTM', NULL),
(4, 'CEFET', NULL),
(5, 'PARTICIPANTE INDIVIDUAL', NULL);

-- Inserir alunos
INSERT INTO alunos (id, nome, curso, periodo, instituicao_id) VALUES
(1, 'Pedro Henrique Cunha Nunes', 'ENGENHARIA CIVIL', 'Não informado', 1),
(2, 'Smyle Ormondes Quirino Gonçalves', 'ENGENHARIA CIVIL', 'Não informado', 1),
(3, 'Pedro Augusto Sousa Bessa', 'ENGENHARIA CIVIL', 'Não informado', 1),
(4, 'Matheus Borges Camargos', 'AGRONOMIA', 'Não informado', 2),
(7, 'Aneska Senna Souza', 'ENGENHARIA CIVIL', 'Não informado', 2),
(8, 'Enry Dhanton Veloso Hipólito Oliveira', 'ENGENHARIA CIVIL', 'Não informado', 2),
(9, 'Gabriela Brito Januário', 'ENGENHARIA CIVIL', 'Não informado', 2),
(10, 'Karla Elizabeth Magno', 'ENGENHARIA CIVIL', 'Não informado', 2),
(11, 'Márcio Roberto Pereira Filho', 'ENGENHARIA CIVIL', 'Não informado', 2),
(12, 'Estela Rezende Goulart', 'ENGENHARIA MECÂNICA', 'Não informado', 2),
(13, 'João Pedro Rezende Melo', 'ENGENHARIA MECÂNICA', 'Não informado', 2),
(14, 'José Roberto Borges', 'ENGENHARIA CIVIL', 'Não informado', 2),
(15, 'Wellerson Loureno Borges', 'ENGENHARIA MECÂNICA', 'Não informado', 2),
(16, 'Douglas de Morais', 'ENGENHARIA CIVIL', 'Não informado', 2),
(18, 'Tainara Alves de Oliveira', 'ENGENHARIA AGRONÔMICA', 'Não informado', 3),
(19, 'José Victor Silva Freitas', 'ENGENHARIA AGRONÔMICA', 'Não informado', 3),
(20, 'Rafael José da Silva Galvão', 'ENGENHARIA AGRONÔMICA', 'Não informado', 3),
(21, 'Mateus Moreira de Almeida', 'ENGENHARIA MINAS', 'Não informado', 4),
(22, 'Giovana Aparecida Rosa', 'ENGENHARIA CIVIL', 'Não informado', 4),
(23, 'Thaiza Manoel Queiroz', 'ENGENHARIA MINAS', 'Não informado', 4),
(24, 'Marcos Davi Pereira Teixeira', 'ENGENHARIA CIVIL', 'Não informado', 4),
(25, 'Ana Cláudia Borges Menezes', 'ENGENHARIA CIVIL', 'Não informado', 4),
(26, 'Gabriela Karolaine Barreto Oliveira', 'ENGENHARIA CIVIL', 'Não informado', 4),
(28, 'Adrielly Daiene Fonseca Caetano', 'ENGENHARIA MINAS', 'Não informado', 4),
(29, 'Esteban Ondo Mangue Nchama', 'ENGENHARIA MINAS', 'Não informado', 4),
(32, 'Lavínia gabriela Simão Barros', 'ENGENHARIA CIVIL', 'Não informado', 5),
(33, 'Eder Anacleto', 'ENGENHARIA MECÂNICA', 'Não informado', 5),
(35, 'Márcio Guilherme Prates Magalhães', 'ENGENHARIA MECÂNICA', 'Não informado', 5),
(36, 'Carlos Roberto Oliveira', 'ENGENHARIA MECÂNICA', 'Não informado', 5),
(39, 'Samuel Sávio Brigido Oliveira', 'ENGENHARIA MECÂNICA', 'Não informado', 5),
(40, 'José Lucas da Silva', 'AGRONOMIA', 'Não informado', 5),
(41, 'Raphael Lellis Ferreira Ribeiro', 'AGRONOMIA', 'Não informado', 5),
(43, 'Ronald Luan Dutra de Paula', 'AGRONOMIA', 'Não informado', 5),
(44, 'Arthur Maximiliane Martins Silva', 'AGRONOMIA', 'Não informado', 5),
(45, 'Luana Filomena Borges', 'ENGENHARIA CIVIL', 'Não informado', 5);
-- Perguntas do arquivo original
INSERT INTO perguntas (id, texto, categoria, status, criada_em) VALUES
(2, 'Qual é a principal função do CREA?', 'facil', 'nao_respondida', '2025-05-16 02:47:46'),
(3, 'Qual é a importância do registro profissional no Crea para um engenheiro recém-formado?', 'facil', 'nao_respondida', '2025-05-16 02:47:46'),
(4, 'Qual é um dos deveres éticos fundamentais dos profissionais registrados no Sistema Confea/Crea?', 'facil', 'nao_respondida', '2025-05-16 02:47:46'),
(5, 'Quem pode solicitar a Anotação de Responsabilidade Técnica (ART) de um serviço técnico?', 'facil', 'nao_respondida', '2025-05-16 02:47:46'),
(6, 'O Confea e os Creas atuam em qual esfera administrativa no Brasil?', 'facil', 'pulada', '2025-05-16 02:47:46'),
(7, 'Qual é um dos benefícios de um profissional estar regularmente registrado no Crea?', 'facil', 'nao_respondida', '2025-05-16 02:47:46'),
(8, 'Qual é o principal instrumento de identificação profissional emitido pelo Crea para os engenheiros e outros profissionais registrados?', 'facil', 'nao_respondida', '2025-05-16 02:47:46'),
(9, 'Qual das seguintes situações exige a emissão de uma Anotação de Responsabilidade Técnica (ART)?', 'facil', 'nao_respondida', '2025-05-16 02:47:46'),
(10, 'Quem é o responsável técnico pela execução de uma obra de engenharia, devidamente registrado no Crea e com a ART quitada?', 'facil', 'nao_respondida', '2025-05-16 02:47:46'),
(11, 'Qual é um dos papéis do Confea em relação aos Creas?', 'facil', 'nao_respondida', '2025-05-16 02:47:46'),
(12, 'Qual é a importância da ART para a sociedade?', 'facil', 'nao_respondida', '2025-05-16 02:47:46'),
(13, 'Qual das seguintes atividades requer um profissional com registro no Crea para ser realizada legalmente?', 'facil', 'nao_respondida', '2025-05-16 02:47:46'),
(14, 'Qual é um dos objetivos da criação do Sistema Confea/Crea?', 'facil', 'nao_respondida', '2025-05-16 02:47:46'),
(15, 'Qual é uma das formas de o Crea garantir a ética e a disciplina no exercício profissional?', 'facil', 'nao_respondida', '2025-05-16 02:47:46'),
(16, 'O que significa CONFEA?', 'facil', 'nao_respondida', '2025-05-16 02:47:46'),
(17, 'O que é uma ART?', 'facil', 'nao_respondida', '2025-05-16 02:47:46'),
(18, 'A Mútua é conhecida como:', 'facil', 'nao_respondida', '2025-05-16 02:48:03'),
(19, 'Quem precisa se registrar no CREA?', 'facil', 'pulada', '2025-05-16 02:48:03'),
(20, 'Qual desses documentos é obrigatório para execução de serviços de engenharia?', 'facil', 'nao_respondida', '2025-05-16 02:48:03'),
(21, 'Qual dessas entidades está diretamente ligada ao sistema profissional da engenharia?', 'facil', 'nao_respondida', '2025-05-16 02:48:03'),
(22, 'Qual órgão emite o registro profissional de engenheiros no Brasil?', 'facil', 'nao_respondida', '2025-05-16 02:48:03'),
(23, 'O CONFEA é responsável por:', 'facil', 'nao_respondida', '2025-05-16 02:48:03'),
(24, 'A ART deve ser registrada:', 'facil', 'nao_respondida', '2025-05-16 02:48:03'),
(25, 'O que é o CREA?', 'facil', 'nao_respondida', '2025-05-16 02:48:03'),
(26, 'Qual a principal função da ART (Anotação de Responsabilidade Técnica)?', 'facil', 'nao_respondida', '2025-05-16 02:48:03'),
(27, 'Qual destas atividades exige registro ativo no CREA?', 'facil', 'nao_respondida', '2025-05-16 02:48:04'),
(28, 'Qual é a relação entre o CREA e o CONFEA?', 'facil', 'nao_respondida', '2025-05-16 02:48:04'),
(29, 'O que pode acontecer com quem executa serviços técnicos de engenharia sem registro no CREA?', 'facil', 'nao_respondida', '2025-05-16 02:48:04'),
(30, 'Qual das opções abaixo é uma vantagem de estar regularizado no CREA?', 'facil', 'nao_respondida', '2025-05-16 02:48:04'),
(31, 'O que significa a sigla RT?', 'facil', 'nao_respondida', '2025-05-16 02:48:04'),
(32, 'Qual benefício é oferecido pela Mútua aos engenheiros?', 'facil', 'nao_respondida', '2025-05-16 02:48:04'),
(33, 'Quando uma ART é cancelada, o que acontece com a obra?', 'facil', 'pulada', '2025-05-16 02:48:04'),
(34, 'Qual dessas opções é um dos objetivos do CONFEA?', 'facil', 'nao_respondida', '2025-05-16 02:48:08'),
(35, 'A Mútua é obrigatória para os engenheiros registrados no CREA?', 'facil', 'nao_respondida', '2025-05-16 02:48:08'),
(36, 'Quais dos profissionais abaixo estão legalmente habilitados a obter registro no CREA (Conselho Regional de Engenharia e Agronomia)?', 'facil', 'nao_respondida', '2025-05-16 02:48:08'),
(37, 'Qual o principal objetivo de uma Associação de Engenheiros?', 'facil', 'nao_respondida', '2025-05-16 02:48:08'),
(38, 'As Associações de Engenheiros normalmente são de caráter:', 'facil', 'nao_respondida', '2025-05-16 02:48:08'),
(39, 'Qual das funções abaixo uma Associação de Engenheiros PODE desempenhar?', 'facil', 'nao_respondida', '2025-05-16 02:48:08'),
(40, 'A filiação a uma Associação de Engenheiros é:', 'facil', 'nao_respondida', '2025-05-16 02:48:08'),
(41, 'Qual destas é uma vantagem de estar filiado a uma Associação de Engenheiros?', 'facil', 'nao_respondida', '2025-05-16 02:48:08'),
(42, 'Qual dessas é uma missão comum em associações de engenheiros?', 'facil', 'nao_respondida', '2025-05-16 02:48:08'),
(43, 'Associações de Engenheiros frequentemente promovem:', 'facil', 'nao_respondida', '2025-05-16 02:48:08'),
(44, 'O que significa a sigla ASSEND?', 'facil', 'nao_respondida', '2025-05-16 02:48:08'),
(45, 'O que é engenharia?', 'facil', 'nao_respondida', '2025-05-16 02:48:08'),
(46, 'Qual das opções representa um pilar da atuação do engenheiro?', 'facil', 'nao_respondida', '2025-05-16 02:48:08'),
(47, 'Qual é a unidade de medida da força no Sistema Internacional?', 'facil', 'nao_respondida', '2025-05-16 02:48:08'),
(48, 'Qual é a fórmula da 2ª Lei de Newton?', 'facil', 'nao_respondida', '2025-05-16 02:48:08'),
(49, 'Qual destes materiais é considerado um isolante térmico?', 'facil', 'nao_respondida', '2025-05-16 02:48:08'),
(50, 'Em circuitos elétricos, o que é medido em Ohms (Ω)?', 'facil', 'nao_respondida', '2025-05-16 02:48:13'),
(51, 'A sigla CAD significa:', 'facil', 'nao_respondida', '2025-05-16 02:48:13'),
(52, 'Quantos metros cúbicos (m³) tem 1 litro?', 'facil', 'nao_respondida', '2025-05-16 02:48:13'),
(53, 'Quantos milímetros há em 1 metro?', 'facil', 'nao_respondida', '2025-05-16 02:48:13'),
(54, 'Um centímetro equivale a quantos milímetros?', 'facil', 'nao_respondida', '2025-05-16 02:48:13'),
(55, 'Qual é a unidade padrão de temperatura no Sistema Internacional?', 'facil', 'pulada', '2025-05-16 02:48:13'),
(56, 'Um metro cúbico de água pesa aproximadamente:', 'facil', 'nao_respondida', '2025-05-16 02:48:13'),
(57, 'Qual dos itens abaixo não é um benefício da Mútua?', 'facil', 'nao_respondida', '2025-05-16 02:48:13'),
(58, 'Qual dos itens abaixo não é simboliza unidade de força?', 'facil', 'nao_respondida', '2025-05-16 02:48:13'),
(59, 'Qual a representação da notação científica para 2,1x10-6?', 'facil', 'nao_respondida', '2025-05-16 02:48:13'),
(60, 'Qual dos itens representa unidade de pressão?', 'facil', 'nao_respondida', '2025-05-16 02:48:13'),
(61, 'Qual software é amplamente utilizado para fazer desenhos técnicos em 2D?', 'facil', 'nao_respondida', '2025-05-16 02:48:13'),
(62, 'Qual desses softwares é mais usado para cronogramas de obras e gestão de tempo?', 'facil', 'pulada', '2025-05-16 02:48:13'),
(63, 'O SketchUp é?', 'facil', 'nao_respondida', '2025-05-16 02:48:13'),
(64, 'Qual a fórmula da área de um triângulo qualquer?', 'facil', 'nao_respondida', '2025-05-16 02:48:13'),
(65, 'A soma dos ângulos internos de um triângulo é igual a:', 'facil', 'nao_respondida', '2025-05-16 02:48:17'),
(66, 'Um terreno tem forma de um retângulo com 30m de largura e 50m de comprimento. Qual a área?', 'facil', 'nao_respondida', '2025-05-16 02:48:17'),
(67, 'Qual item representa dois átomos de hidrogênio e um de oxigênio:', 'facil', 'nao_respondida', '2025-05-16 02:48:17'),
(68, 'Qual o resultado da equação 5+5x5+5=?', 'facil', 'nao_respondida', '2025-05-16 02:48:17'),
(69, 'Qual a unidade que mede a intensidade do som:', 'facil', 'nao_respondida', '2025-05-16 02:48:17'),
(70, 'Qual das seguintes partículas subatômicas possui carga positiva?', 'facil', 'nao_respondida', '2025-05-16 02:48:17'),
(71, 'Qual é a unidade de medida da corrente elétrica?', 'facil', 'nao_respondida', '2025-05-16 02:48:17'),
(72, 'O Decreto 23.569/1933 é considerado um marco legal que deu origem a qual sistema jurídico-profissional?', 'facil', 'nao_respondida', '2025-05-16 02:48:17'),
(73, 'Triângulo está para Pirâmide assim como Círculo está para:', 'facil', 'nao_respondida', '2025-05-16 02:48:17'),
(74, 'A baixa de uma ART deve ser feita quando:', 'facil', 'nao_respondida', '2025-05-16 02:48:17'),
(75, 'A responsabilidade técnica por uma obra é do profissional que:', 'facil', 'nao_respondida', '2025-05-16 02:48:17'),
(76, 'O profissional que não registra ART e executa o serviço está:', 'facil', 'nao_respondida', '2025-05-16 02:48:17'),
(77, 'A Mútua oferece benefícios como:', 'facil', 'nao_respondida', '2025-05-16 02:48:17'),
(78, 'Qual documento o CREA pode exigir durante uma fiscalização em obra?', 'facil', 'nao_respondida', '2025-05-16 02:48:17'),
(79, 'Quais profissionais podem se registrar na Mútua?', 'facil', 'nao_respondida', '2025-05-16 02:48:17'),
(80, 'O que diferencia a atuação do CONFEA da do CREA?', 'facil', 'nao_respondida', '2025-05-16 02:48:22'),
(81, 'Observe a sequência: 2, 4, 6, 8, ___. Qual é o próximo número?', 'facil', 'nao_respondida', '2025-05-16 02:48:23'),
(82, 'Qual é o site da Mútua?', 'facil', 'nao_respondida', '2025-05-16 02:48:23'),
(83, 'Em qual das opções a Mútua se enquadra?', 'facil', 'nao_respondida', '2025-05-16 02:48:23'),
(84, 'O que é necessário para adesão ao Tecnoprev?', 'facil', 'nao_respondida', '2025-05-16 02:48:23'),
(85, 'Qual é uma condição para manter o acesso aos benefícios da Mútua?', 'facil', 'nao_respondida', '2025-05-16 02:48:23'),
(86, 'Qual das opções é um benefício da participação na Mútua Júnior?', 'facil', 'nao_respondida', '2025-05-16 02:48:23'),
(87, 'O Código de Ética prevê que o profissional pode recusar atividade técnica quando:', 'facil', 'nao_respondida', '2025-05-16 02:48:23'),
(88, 'Qual número completa a sequência: 1, 3, 5, ___, 9?', 'facil', 'nao_respondida', '2025-05-16 02:48:23'),
(89, 'Em caso de vacância do cargo de Presidente do CONFEA, quem assume?', 'facil', 'nao_respondida', '2025-05-16 02:48:23'),
(90, 'Para exercer legalmente a profissão de engenheiro no Brasil, qual é o registro profissional fundamental?', 'facil', 'nao_respondida', '2025-05-16 02:48:23'),
(91, 'O CONFEA possui, além de conselheiros e presidente, cargos como:', 'facil', 'nao_respondida', '2025-05-16 02:48:23'),
(92, 'Qual das seguintes atividades é uma das áreas profissionais abrangidas pelo Sistema Confea/Crea?', 'facil', 'nao_respondida', '2025-05-16 02:48:23'),
(93, 'Qual é um dos objetivos principais da fiscalização exercida pelo Crea?', 'facil', 'nao_respondida', '2025-05-16 02:48:23'),
(94, 'O que significa a sigla ABNT?', 'facil', 'nao_respondida', '2025-05-16 02:48:23'),
(95, 'Qual plataforma de convênios e descontos da Mútua?', 'facil', 'nao_respondida', '2025-05-16 02:48:23'),
(96, 'Associações de Engenheiros costumam atuar em qual nível geográfico?', 'medio', 'nao_respondida', '2025-05-16 02:48:37'),
(97, 'Qual das alternativas abaixo representa uma grandeza escalar?', 'medio', 'nao_respondida', '2025-05-16 02:48:37'),
(98, 'Qual das alternativas abaixo está na ordem correta de grandeza do sistema métrico decimal (do menor para o maior)?', 'medio', 'nao_respondida', '2025-05-16 02:48:37'),
(99, '1 hectare equivale a quantos metros quadrados (m²)?', 'medio', 'nao_respondida', '2025-05-16 02:48:37'),
(100, 'Quais as dimensões de um formato A4?', 'medio', 'nao_respondida', '2025-05-16 02:48:37'),
(101, 'Qual formato de arquivo é típico do AutoCAD?', 'medio', 'nao_respondida', '2025-05-16 02:48:37'),
(102, 'Uma planta baixa em escala 1:100 significa que:', 'medio', 'nao_respondida', '2025-05-16 02:48:37'),
(103, 'Qual norma brasileira regula o desenho técnico?', 'medio', 'nao_respondida', '2025-05-16 02:48:37'),
(105, 'O Decreto 23.569 é considerado o primeiro marco legal de:', 'medio', 'nao_respondida', '2025-05-16 02:48:37'),
(106, 'Qual é o prazo para o engenheiro emitir a ART após o início da atividade técnica?', 'medio', 'nao_respondida', '2025-05-16 02:48:37'),
(107, 'Uma empresa de engenharia que atua em serviços técnicos precisa estar registrada no CREA. Esse registro é chamado de:', 'medio', 'nao_respondida', '2025-05-16 02:48:37'),
(108, 'Quando uma obra possui mais de um engenheiro responsável, como isso deve ser formalizado no sistema do CREA?', 'medio', 'nao_respondida', '2025-05-16 02:48:37'),
(109, 'Em caso de erro técnico grave em uma obra, qual é o papel do CREA?', 'medio', 'nao_respondida', '2025-05-16 02:48:37'),
(110, 'Quando o engenheiro se desliga de uma obra antes da sua conclusão, o que ele deve fazer no CREA?', 'medio', 'nao_respondida', '2025-05-16 02:48:37'),
(111, 'Em qual das situações a atuação de um engenheiro pode ser considerada exercício ilegal da profissão, mesmo sendo profissional registrado no CREA?', 'medio', 'nao_respondida', '2025-05-16 02:48:41'),
(112, 'A Mútua, caixa de assistência dos profissionais do sistema CONFEA/CREA, tem como objetivo principal:', 'medio', 'nao_respondida', '2025-05-16 02:48:41'),
(113, 'Se um engenheiro preenche uma ART com dados incorretos e já efetuou o pagamento da taxa, ele deve:', 'medio', 'nao_respondida', '2025-05-16 02:48:41'),
(114, 'Quando a ART é emitida por um profissional autônomo sem contrato formal com o cliente, qual documento pode ser utilizado como base contratual?', 'medio', 'nao_respondida', '2025-05-16 02:48:41'),
(115, 'Em qual das situações não é necessário emitir ART?', 'medio', 'nao_respondida', '2025-05-16 02:48:41'),
(116, 'Quem é o atual presidente do Conselho Regional de Engenharia e Agronomia de Minas Gerais (CREA-MG), com mandato vigente de 2024 a 2026?', 'medio', 'nao_respondida', '2025-05-16 02:48:41'),
(117, 'Quem é o atual presidente do CONFEA (Conselho Federal de Engenharia e Agronomia), eleito para o mandato de 2024 a 2026?', 'medio', 'nao_respondida', '2025-05-16 02:48:42'),
(118, 'Qual é o tempo máximo de carência para ter acesso a todos os benefícios da Mútua?', 'medio', 'nao_respondida', '2025-05-16 02:48:42'),
(119, 'O que é o PIM?', 'medio', 'nao_respondida', '2025-05-16 02:48:42'),
(120, 'Quais serviços a Mútua oferece?', 'medio', 'nao_respondida', '2025-05-16 02:48:42'),
(121, 'O que é o TecnoPrev?', 'medio', 'nao_respondida', '2025-05-16 02:48:46'),
(122, 'Qual das opções abaixo NÃO é um benefício da Mútua?', 'medio', 'nao_respondida', '2025-05-16 02:48:46'),
(123, 'Se A é maior que B e B é maior que C, então:', 'medio', 'nao_respondida', '2025-05-16 02:48:47'),
(124, 'De acordo com o Código de Ética Profissional do CONFEA, é dever do profissional:', 'medio', 'nao_respondida', '2025-05-16 02:48:47'),
(127, 'O mandato do Presidente do CONFEA é de:', 'medio', 'nao_respondida', '2025-05-16 02:48:47'),
(128, 'O CONFEA pode intervir em um CREA estadual em qual situação?', 'medio', 'nao_respondida', '2025-05-16 02:48:47'),
(129, 'Quem são os conselheiros federais do CONFEA?', 'medio', 'nao_respondida', '2025-05-16 02:48:47'),
(130, 'As deliberações do CONFEA são materializadas principalmente através de:', 'medio', 'nao_respondida', '2025-05-16 02:48:47'),
(131, 'Qual das alternativas abaixo não é uma atribuição do CONFEA?', 'medio', 'nao_respondida', '2025-05-16 02:48:53'),
(132, 'Qual órgão dentro do CONFEA é responsável por emitir pareceres técnicos sobre propostas normativas?', 'medio', 'nao_respondida', '2025-05-16 02:48:53'),
(133, 'O Presidente do CONFEA é eleito:', 'medio', 'nao_respondida', '2025-05-16 02:48:53'),
(134, 'Os Conselheiros Federais do CONFEA têm mandato de:', 'medio', 'nao_respondida', '2025-05-16 02:48:53'),
(135, 'O mandato de um Conselheiro Federal inicia-se em:', 'medio', 'nao_respondida', '2025-05-16 02:48:53'),
(136, 'A próxima eleição para Presidente do CONFEA ocorre:', 'medio', 'nao_respondida', '2025-05-16 02:48:53'),
(138, 'Qual é o mandato do Presidente do CREA, conforme a legislação vigente?', 'medio', 'nao_respondida', '2025-05-16 02:48:53'),
(139, 'O Presidente do CREA é eleito por:', 'medio', 'nao_respondida', '2025-05-16 02:48:53'),
(140, 'Quem compõe o Plenário de um CREA?', 'medio', 'nao_respondida', '2025-05-16 02:48:53'),
(141, 'Os Conselheiros Regionais dos CREAs têm mandato de:', 'medio', 'nao_respondida', '2025-05-16 02:48:58'),
(142, 'O número de conselheiros regionais de um CREA depende:', 'medio', 'nao_respondida', '2025-05-16 02:48:58'),
(143, 'Além do Presidente, quais cargos normalmente existem na estrutura administrativa do CREA?', 'medio', 'nao_respondida', '2025-05-16 02:48:58'),
(144, 'As Câmaras Especializadas dos CREAs são compostas por:', 'medio', 'nao_respondida', '2025-05-16 02:48:58'),
(145, 'Em que ano o atual presidente do CREA-MG foi eleito?', 'medio', 'nao_respondida', '2025-05-16 02:48:58'),
(146, 'A duração do mandato dos diretores do CREA-MG, como Diretor Administrativo ou Financeiro, é de:', 'medio', 'nao_respondida', '2025-05-16 02:48:58'),
(147, 'As eleições para a presidência do CREA são regulamentadas por:', 'medio', 'nao_respondida', '2025-05-16 02:48:58'),
(148, 'Qual das alternativas representa corretamente os membros com direito a voto nas plenárias do CREA-MG?', 'medio', 'nao_respondida', '2025-05-16 02:48:58'),
(149, 'Qual o número máximo de mandatos consecutivos permitidos para um conselheiro regional?', 'medio', 'nao_respondida', '2025-05-16 02:48:58'),
(150, 'Quem julga em 1ª instância as infrações cometidas por profissionais registrados nos CREAs?', 'medio', 'nao_respondida', '2025-05-16 02:48:58'),
(151, 'Das altarnativas abaixo, qual órgão dentro do CREA é responsável por aplicar penalidades a profissionais por infrações éticas?', 'medio', 'nao_respondida', '2025-05-16 02:49:02'),
(152, 'Na eleição para presidente do CREA, o voto é:', 'medio', 'nao_respondida', '2025-05-16 02:49:02'),
(153, 'Qual o desconto foi aplicado para anuidades pagas até 31/01/2025?', 'medio', 'nao_respondida', '2025-05-16 02:49:02'),
(154, 'O registro de uma empresa no CREA é dispensável quando:', 'medio', 'nao_respondida', '2025-05-16 02:49:02'),
(155, 'Um engenheiro civil assume a responsabilidade técnica por uma obra de estrutura metálica industrial. Qual atitude está correta em relação ao CREA?', 'medio', 'nao_respondida', '2025-05-16 02:49:02'),
(156, 'Associações como a ASSEND, ao se registrarem no CREA, ganham a possibilidade de:', 'medio', 'nao_respondida', '2025-05-16 02:49:02'),
(157, 'Qual a Deusa que figura no emblema da engenharia?', 'medio', 'nao_respondida', '2025-05-16 02:49:02'),
(158, 'De acordo com a Lei nº 6.496/77, que criou a ART, qual é a sua principal função jurídica?', 'medio', 'nao_respondida', '2025-05-16 02:49:02'),
(159, 'Qual é a principal função do CREA?', 'medio', 'nao_respondida', '2025-05-16 02:49:06'),
(160, 'Qual é a importância do registro profissional no CREA para um engenheiro recém-formado?', 'medio', 'nao_respondida', '2025-05-16 02:49:07'),
(161, 'O que diferencia uma ART múltipla de uma ART individual?', 'dificil', 'nao_respondida', '2025-05-16 02:49:13'),
(162, 'Qual das seguintes obras é considerada um marco da engenharia moderna, por seu uso pioneiro de aço e cálculo estrutural avançado no século XIX?', 'dificil', 'nao_respondida', '2025-05-16 02:49:13'),
(163, 'A Resolução CONFEA nº 1.010/2005 trata de:', 'dificil', 'nao_respondida', '2025-05-16 02:49:13'),
(164, 'Qual o valor padrão da taxa de ART (Anotação de Responsabilidade Técnica) no CREA-MG para um contrato de prestação de serviços de engenharia com valor de até R$ 15.000,00?', 'dificil', 'nao_respondida', '2025-05-16 02:49:13'),
(165, 'O Decreto nº 23.569 foi assinado em que ano?', 'dificil', 'nao_respondida', '2025-05-16 02:49:13'),
(166, 'Qual o número da Lei que autorizou a criação da Mútua?', 'dificil', 'nao_respondida', '2025-05-16 02:49:13'),
(168, 'Sobre o sistema de ART online dos CREAs, é correto afirmar que:', 'dificil', 'nao_respondida', '2025-05-16 02:49:13'),
(169, 'Quantos Conselheiros Federais compõem o Plenário do CONFEA?', 'dificil', 'nao_respondida', '2025-05-16 02:49:13'),
(170, 'Qual é a frequência mínima das reuniões plenárias no CREA-MG?', 'dificil', 'nao_respondida', '2025-05-16 02:49:13'),
(171, 'O mandato do Presidente do CREA é definido por qual documento legal?', 'dificil', 'nao_respondida', '2025-05-16 02:49:13'),
(172, 'Qual o valor sem desconto da anuidade do CREA-MG para nível superior no ano de 2025?', 'dificil', 'nao_respondida', '2025-05-16 02:49:13'),
(173, 'Assinar uma ART sem executar o serviço pode configurar:', 'dificil', 'nao_respondida', '2025-05-16 02:49:13'),
(174, 'O CONFEA exerce qual papel perante os CREAs?', 'dificil', 'nao_respondida', '2025-05-16 02:49:13'),
(175, 'O profissional pode emitir uma ART retroativa?', 'dificil', 'nao_respondida', '2025-05-16 02:49:13'),
(177, 'O que caracteriza infração ética passível de processo no CREA/CONFEA?', 'dificil', 'nao_respondida', '2025-05-16 02:49:13'),
(178, 'Uma ART complementar deve ser emitida quando:', 'dificil', 'nao_respondida', '2025-05-16 02:49:13'),
(179, 'Um engenheiro assume como sócio técnico de uma empresa de engenharia. Qual obrigação ele passa a ter junto ao CREA?', 'dificil', 'nao_respondida', '2025-05-16 02:49:13'),
(180, 'Qual norma define as diretrizes para atribuições profissionais dos engenheiros dentro do sistema CONFEA/CREA?', 'dificil', 'nao_respondida', '2025-05-16 02:49:13'),
(181, 'Um engenheiro emite uma ART para um projeto estrutural. Durante a execução, ele é substituído. Qual é o procedimento correto?', 'dificil', 'nao_respondida', '2025-05-16 02:49:13'),
(182, 'O que ocorre se um profissional assina ART para um serviço que não irá executar, apenas para “emprestar” seu nome?', 'dificil', 'nao_respondida', '2025-05-16 02:49:17'),
(183, 'Qual é a função dos Colégios de Entidades Regionais (CDER) dentro do sistema CONFEA/CREA?', 'dificil', 'nao_respondida', '2025-05-16 02:49:18'),
(184, 'Um profissional com registro no CREA pode ser responsabilizado civil e criminalmente por falha técnica mesmo após o encerramento da ART?', 'dificil', 'nao_respondida', '2025-05-16 02:49:18'),
(185, 'Em uma fiscalização do CREA, constatou-se que um engenheiro possuía 30 ARTs de execução abertas simultaneamente em diferentes cidades. Qual medida o CREA pode adotar?', 'dificil', 'nao_respondida', '2025-05-16 02:49:18'),
(186, 'Uma empresa de engenharia quer executar obras em outro estado. O que ela deve fazer junto ao CREA?', 'dificil', 'nao_respondida', '2025-05-16 02:49:18'),
(187, 'Quando uma ART é cancelada, qual é o efeito prático disso?', 'dificil', 'nao_respondida', '2025-05-16 02:49:18'),
(188, 'Um engenheiro recém-formado registra-se no CREA com um diploma ainda em processo de autenticação. Ele recebe um registro provisório. O que isso significa?', 'dificil', 'nao_respondida', '2025-05-16 02:49:18'),
(189, 'Sobre o uso de ART múltipla, é correto afirmar:', 'dificil', 'nao_respondida', '2025-05-16 02:49:18'),
(190, 'Qual o endereço da sede do CREA-MG?', 'dificil', 'nao_respondida', '2025-05-16 02:49:18'),
(192, 'De acordo com a Resolução nº 1007/2004, a substituição de responsável técnico de uma obra deve ser feita por meio de:', 'dificil', 'nao_respondida', '2025-05-16 02:49:22'),
(193, 'De acordo com o Código de Ética Profissional do Sistema CONFEA/CREA, um engenheiro que aceita uma proposta para realizar o projeto de uma obra sem analisar previamente os riscos técnicos envolvidos está sujeito a:', 'dificil', 'nao_respondida', '2025-05-16 02:49:22'),
(194, 'O que deve fazer um engenheiro quando, durante a execução de um projeto, observa que a obra está sendo executada em desacordo com o projeto aprovado, mas sem risco iminente?', 'dificil', 'nao_respondida', '2025-05-16 02:49:22'),
(195, 'De acordo com a Resolução nº 1.071/2015, qual é a principal condição para uma entidade de classe ser reconhecida como parte do Sistema CONFEA/CREA?', 'dificil', 'nao_respondida', '2025-05-16 02:49:22'),
(196, 'O que é o Plenário do CREA?', 'dificil', 'nao_respondida', '2025-05-16 02:49:22'),
(197, 'Qual o mês e ano em que a Arquitetura deixou de fazer parte do sistema CONFEA/CREA?', 'dificil', 'nao_respondida', '2025-05-16 02:49:22'),
(198, 'Qual o órgão de representação do CREA-MG em nível municipal ou regional?', 'dificil', 'nao_respondida', '2025-05-16 02:49:22'),
(200, 'Quem pode participar das iniciativas promovidas pela Mútua Inova+?', 'dificil', 'nao_respondida', '2025-05-16 02:49:22'),
(201, 'Como o Mútua Inova+ avalia as propostas de inovação apresentadas pelos associados?', 'dificil', 'nao_respondida', '2025-05-16 02:49:26'),
(202, 'Quais as condições para os profissionais associados estarem cobertos pelo Seguro de Responsabilidade Civil Profissional oferecido pela Mútua?', 'dificil', 'nao_respondida', '2025-05-16 02:49:26'),
(203, 'Ao realizar contribuições ao TecnoPrev, qual percentual máximo é possível deduzir no IRPF?', 'dificil', 'nao_respondida', '2025-05-16 02:49:26'),
(204, 'Das opções abaixo, qual representa um critério para registro de uma associação de engenheiros no sistema CONFEA/CREA.', 'dificil', 'nao_respondida', '2025-05-16 02:49:26'),
(205, 'Quantos anos de existência legal uma associação precisa ter para solicitar filiação ao CREA como entidade de classe?', 'dificil', 'nao_respondida', '2025-05-16 02:49:27'),
(206, 'Segundo a Resolução CONFEA nº 1.010/2005, como é definido o “conjunto de atribuições profissionais” de um engenheiro?', 'dificil', 'nao_respondida', '2025-05-16 02:49:30'),
(207, 'De acordo com a ABNT NBR ISO 9001:2015, qual das alternativas a seguir não é um princípio da gestão da qualidade?', 'dificil', 'nao_respondida', '2025-05-16 02:49:31'),
(208, 'Quem é o atual diretor presidente da Mútua?', 'dificil', 'nao_respondida', '2025-05-16 02:49:31'),
(209, 'De acordo com a Resolução CONFEA nº 218/1973, qual o campo de atuação do engenheiro civil?', 'dificil', 'nao_respondida', '2025-05-16 02:49:31'),
(210, 'A Resolução CONFEA nº 1.121/2019 trata de que assunto?', 'dificil', 'nao_respondida', '2025-05-16 02:49:31');

-- Alternativas do arquivo original
INSERT INTO alternativas (id, pergunta_id, letra, texto, correta) VALUES
(5, 2, 'A', 'Emitir licenças ambientais', 0),
(6, 2, 'B', 'Fiscalizar o exercício profissional da engenharia', 1),
(7, 2, 'C', 'Emitir CPF', 0),
(8, 2, 'D', 'Organizar concursos públicos', 0),
(9, 3, 'A', 'Permite apenas a participação em eventos e congressos da área.', 0),
(10, 3, 'B', 'É opcional e não interfere no exercício da profissão.', 0),
(11, 3, 'C', 'É obrigatório para o exercício legal da profissão e emissão de documentos técnicos.', 1),
(12, 3, 'D', 'Garante um salário mínimo estabelecido por lei.', 0),
(13, 4, 'A', 'Cobrar os honorários mais altos possíveis do mercado.', 0),
(14, 4, 'B', 'Exercer a profissão com ética, honestidade e responsabilidade.', 1),
(15, 4, 'C', 'Divulgar informações confidenciais de seus clientes.', 0),
(16, 4, 'D', 'Utilizar materiais de qualidade inferior para reduzir custos.', 0),
(17, 5, 'A', 'Qualquer cidadão interessado na obra ou serviço.', 0),
(18, 5, 'B', 'Apenas órgãos públicos fiscalizadores.', 0),
(19, 5, 'C', 'O profissional ou a empresa legalmente habilitada que executa o serviço.', 1),
(20, 5, 'D', 'Somente o proprietário do imóvel onde o serviço será realizado.', 0),
(21, 6, 'A', 'Municipal', 0),
(22, 6, 'B', 'Estadual (no caso dos Creas) e Federal (no caso do Confea)', 1),
(23, 6, 'C', 'Distrital (Distrito Federal)', 0),
(24, 6, 'D', 'Internacional', 0),
(25, 7, 'A', 'Isenção de participação em cursos de atualização profissional.', 0),
(26, 7, 'B', 'Livre acesso a informações privilegiadas do governo.', 0),
(27, 7, 'C', 'Garantia de emprego vitalício no setor público.', 0),
(28, 7, 'D', 'Reconhecimento legal da sua habilitação para exercer a profissão.', 1),
(29, 8, 'A', 'Cadastro de Pessoa Física.', 0),
(30, 8, 'B', 'Carteira de Identidade (RG).', 0),
(31, 8, 'C', 'Carteira de Identidade Profissional.', 1),
(32, 8, 'D', 'Título de Eleitor.', 0),
(33, 9, 'A', 'Compra de materiais de construção em uma loja.', 0),
(34, 9, 'B', 'Realização de um projeto de engenharia elétrica.', 1),
(35, 9, 'C', 'Contratação de um seguro residencial.', 0),
(36, 9, 'D', 'Participação em um curso online de curta duração.', 0),
(37, 10, 'A', 'O proprietário do imóvel.', 0),
(38, 10, 'B', 'O mestre de obras com maior experiência.', 0),
(39, 10, 'C', 'O engenheiro responsável técnico.', 1),
(40, 10, 'D', 'O vendedor dos materiais de construção.', 0),
(41, 11, 'A', 'Executar diretamente a fiscalização profissional nos estados.', 0),
(42, 11, 'B', 'Definir as políticas e diretrizes para o funcionamento de todo o sistema.', 1),
(43, 11, 'C', 'Gerenciar os recursos financeiros de cada Crea estadual.', 0),
(44, 11, 'D', 'Emitir os registros profissionais diretamente aos engenheiros.', 0),
(45, 12, 'A', 'Garante a isenção de impostos para as empresas de engenharia.', 0),
(46, 12, 'B', 'Assegura que serviços técnicos sejam realizados por profissionais habilitados e com segurança.', 1),
(47, 12, 'C', 'Simplifica os processos burocráticos para a construção civil.', 0),
(48, 12, 'D', 'Permite a livre concorrência sem a necessidade de comprovação técnica.', 0),
(49, 13, 'A', 'Pintura de paredes internas de uma residência.', 0),
(50, 13, 'B', 'Instalação de chuveiro elétrico por eletricista autônomo sem formação técnica.', 0),
(51, 13, 'C', 'Elaboração do projeto estrutural de um edifício.', 1),
(52, 13, 'D', 'Jardinagem de uma área residencial.', 0),
(53, 14, 'A', 'Dificultar o acesso de novos profissionais ao mercado de trabalho.', 0),
(54, 14, 'B', 'Favorecer grandes empresas de engenharia em detrimento dos profissionais autônomos.', 0),
(55, 14, 'C', 'Aumentar a burocracia para a realização de obras e serviços técnicos.', 0),
(56, 14, 'D', 'Proteger a sociedade contra o exercício ilegal e a má prática profissional.', 1),
(57, 15, 'A', 'Oferecendo bônus salariais aos profissionais mais bem avaliados.', 0),
(58, 15, 'B', 'Realizando sorteios de prêmios entre os profissionais registrados.', 0),
(59, 15, 'C', 'Instaurando processos ético-disciplinares em caso de irregularidades.', 1),
(60, 15, 'D', 'Promovendo festas de confraternização para os profissionais.', 0),
(61, 16, 'A', 'Conselho Federal de Engenharia e Agronomia', 1),
(62, 16, 'B', 'Comissão Federal de Engenheiros Associados', 0),
(63, 16, 'C', 'Confederação Nacional dos Engenheiros Agrônomos', 0),
(64, 16, 'D', 'Comitê Nacional de Fiscalização de Engenharia', 0),
(65, 17, 'A', 'Autorização de Registro Técnico', 0),
(66, 17, 'B', 'Anotação de Responsabilidade Técnica', 1),
(67, 17, 'C', 'Atestado de Responsabilidade Trabalhista', 0),
(68, 17, 'D', 'Apólice de Registro Técnico', 0),
(69, 18, 'A', 'Órgão de fiscalização federal', 0),
(70, 18, 'B', 'Caixa de Assistência dos Profissionais do CREA', 1),
(71, 18, 'C', 'Sindicato de engenheiros', 0),
(72, 18, 'D', 'Ministério de engenharia', 0),
(73, 19, 'A', 'Apenas engenheiros civis', 0),
(74, 19, 'B', 'Profissionais e empresas que atuam em áreas de engenharia, agronomia e geociências.', 1),
(75, 19, 'C', 'Apenas engenheiros que trabalham com obras públicas', 0),
(76, 19, 'D', 'Técnicos em contabilidade', 0),
(77, 20, 'A', 'Modelagem 3D e desenhos 2D', 0),
(78, 20, 'B', 'ART do responsável técnico', 1),
(79, 20, 'C', 'Cronograma das atividades', 0),
(80, 20, 'D', 'Contrato de prestação de serviços', 0),
(81, 21, 'A', 'ABNT', 0),
(82, 21, 'B', 'CREA', 1),
(83, 21, 'C', 'OAB', 0),
(84, 21, 'D', 'MEC', 0),
(85, 22, 'A', 'CONFEA', 0),
(86, 22, 'B', 'CREA', 1),
(87, 22, 'C', 'Mútua', 0),
(88, 22, 'D', 'MEC', 0),
(89, 23, 'A', 'Definir políticas públicas para engenharias', 0),
(90, 23, 'B', 'Normatizar e supervisionar os CREAs', 1),
(91, 23, 'C', 'Licenciar empresas de construção', 0),
(92, 23, 'D', 'Emitir o alvará de obras', 0),
(93, 24, 'A', 'Após a conclusão do serviço', 0),
(94, 24, 'B', 'Sempre que houver um contrato verbal', 0),
(95, 24, 'C', 'Antes da execução de qualquer serviço técnico', 1),
(96, 24, 'D', 'Apenas em grandes obras', 0),
(97, 25, 'A', 'Um conselho sindical dos engenheiros', 0),
(98, 25, 'B', 'Um órgão fiscalizador do exercício profissional da engenharia', 1),
(99, 25, 'C', 'Um sindicato que representa profissionais liberais da engenharia', 0),
(100, 25, 'D', 'Uma empresa privada que presta serviços técnicos de engenharia', 0),
(101, 26, 'A', 'Garantir que o engenheiro receba pelo seu serviço', 0),
(102, 26, 'B', 'Substituir o contrato de prestação de serviços', 0),
(103, 26, 'C', 'Registrar legalmente a responsabilidade técnica de um profissional sobre uma obra ou serviço', 1),
(104, 26, 'D', 'Emitir nota fiscal dos serviços prestados', 0),
(105, 27, 'A', 'Venda de materiais de construção', 0),
(106, 27, 'B', 'Execução de obras e projetos de engenharia', 1),
(107, 27, 'C', 'Consultoria jurídica em obras públicas', 0),
(108, 27, 'D', 'Administração de condomínios', 0),
(109, 28, 'A', 'O CREA é subordinado ao CONFEA, que é o órgão federal', 1),
(110, 28, 'B', 'O CREA é independente do CONFEA', 0),
(111, 28, 'C', 'O CREA representa os estudantes, enquanto o CONFEA representa os profissionais', 0),
(112, 28, 'D', 'O CONFEA fiscaliza obras, e o CREA apenas registra profissionais', 0),
(113, 29, 'A', 'Nada, desde que tenha diploma', 0),
(114, 29, 'B', 'Apenas uma advertência verbal', 0),
(115, 29, 'C', 'Pode ser multado e processado por exercício ilegal da profissão', 1),
(116, 29, 'D', 'Pode tirar o CREA depois que terminar a obra', 0),
(117, 30, 'A', 'Pode emitir boletos de cobrança diretamente ao cliente', 0),
(118, 30, 'B', 'Tem acesso a licitações públicas que exigem ART', 1),
(119, 30, 'C', 'Fica isento de pagar impostos', 0),
(120, 30, 'D', 'Pode assinar projetos mesmo sem diploma', 0),
(121, 31, 'A', 'Registro de trabalho', 0),
(122, 31, 'B', 'Risco no transporte', 0),
(123, 31, 'C', 'Responsável técnico', 1),
(124, 31, 'D', 'Responsável tático', 0),
(125, 32, 'A', 'Cursos, seminários gratuitos', 0),
(126, 32, 'B', 'Assistência financeira, seguros e planos de saúde', 1),
(127, 32, 'C', 'Direito de emitir ART sem custos', 0),
(128, 32, 'D', 'Representação política nas eleições municipais', 0),
(129, 33, 'A', 'Ela continua regular se houver contrato assinado', 0),
(130, 33, 'B', 'É considerada irregular até emissão de nova ART', 1),
(131, 33, 'C', 'Pode ser finalizada sem responsabilidade técnica', 0),
(132, 33, 'D', 'Recebe vistoria automática do CREA', 0),
(133, 34, 'A', 'Registrar engenheiros no sistema', 0),
(134, 34, 'B', 'Organizar concursos públicos para engenheiros', 0),
(135, 34, 'C', 'Normatizar e regulamentar a prática profissional da engenharia, agronomia e geociências no Brasil', 1),
(136, 34, 'D', 'Emitir notas fiscais para serviços de engenharia', 0),
(137, 35, 'A', 'Sim, todo profissional é automaticamente filiado', 0),
(138, 35, 'B', 'Não, a adesão é opcional', 1),
(139, 35, 'C', 'Sim, mas somente para engenheiros civis', 0),
(140, 35, 'D', 'Depende da região onde o profissional atua', 0),
(141, 36, 'A', 'Engenheiros, arquitetos e advogados', 0),
(142, 36, 'B', 'Engenheiros, agrônomos, geógrafos e geólogos', 0),
(143, 36, 'C', 'Engenheiros, agrônomos, técnicos industriais e tecnólogos', 1),
(144, 36, 'D', 'Apenas engenheiros civis e eletricistas', 0),
(145, 37, 'A', 'Cobrar anuidade dos profissionais', 0),
(146, 37, 'B', 'Emitir carteiras profissionais', 0),
(147, 37, 'C', 'Representar e apoiar tecnicamente os engenheiros de uma região', 1),
(148, 37, 'D', 'Fiscalizar obras e serviços de engenharia', 0),
(149, 38, 'A', 'Comercial', 0),
(150, 38, 'B', 'Político-partidário', 0),
(151, 38, 'C', 'Técnico-profissional e representativo', 1),
(152, 38, 'D', 'Sindical', 0),
(153, 39, 'A', 'Aplicar penalidades éticas aos engenheiros', 0),
(154, 39, 'B', 'Oferecer cursos, palestras e eventos de capacitação técnica', 1),
(155, 39, 'C', 'Emitir ARTs', 0),
(156, 39, 'D', 'Regulamentar profissões técnicas', 0),
(157, 40, 'A', 'Obrigatória para exercer a profissão', 0),
(158, 40, 'B', 'Opcional e voluntária', 1),
(159, 40, 'C', 'Regulada pelo MEC', 0),
(160, 40, 'D', 'Exclusiva para engenheiros civis', 0),
(161, 41, 'A', 'Receber auxílio-doença', 0),
(162, 41, 'B', 'Aposentadoria especial', 0),
(163, 41, 'C', 'Acesso a redes de contato, convênios e atualização técnica', 1),
(164, 41, 'D', 'Direito automático ao exercício profissional sem CREA', 0),
(165, 42, 'A', 'Julgar ações disciplinares de profissionais', 0),
(166, 42, 'B', 'Conduzir eleições para o CONFEA', 0),
(167, 42, 'C', 'Fomentar a valorização da engenharia e promover a união da classe', 1),
(168, 42, 'D', 'Aplicar provas de certificação profissional', 0),
(169, 43, 'A', 'Ações judiciais contra profissionais irregulares', 0),
(170, 43, 'B', 'Encontros técnicos e projetos de valorização profissional', 1),
(171, 43, 'C', 'Emissão de diplomas', 0),
(172, 43, 'D', 'Fiscalização de canteiros de obras', 0),
(173, 44, 'A', 'Associação de Serviços e Engenharia de Desenvolvimento', 0),
(174, 44, 'B', 'Associação Araxaense de Engenharia e Desenvolvimento', 1),
(175, 44, 'C', 'Agência Social de Engenheiros do Nordeste de Minas', 0),
(176, 44, 'D', 'Associação Sul-Mineira de Engenharia e Desenvolvimento', 0),
(177, 45, 'A', 'Uma profissão voltada apenas para construções', 0),
(178, 45, 'B', 'A ciência de construir casas e prédios', 0),
(179, 45, 'C', 'A aplicação de conhecimentos científicos para resolver problemas práticos', 1),
(180, 45, 'D', 'A prática de desenhar e projetar', 0),
(181, 46, 'A', 'Improvisação constante', 0),
(182, 46, 'B', 'Exclusivamente programação de computadores', 0),
(183, 46, 'C', 'Cálculo com aplicação prática', 0),
(184, 46, 'D', 'Planejamento, projeto e execução com responsabilidade', 1),
(185, 47, 'A', 'Watt', 0),
(186, 47, 'B', 'Newton', 1),
(187, 47, 'C', 'Pascal', 0),
(188, 47, 'D', 'Joule', 0),
(189, 48, 'A', 'F = m/g', 0),
(190, 48, 'B', 'F = ma', 1),
(191, 48, 'C', 'E = mc²', 0),
(192, 48, 'D', 'V = IR', 0),
(193, 49, 'A', 'Cobre', 0),
(194, 49, 'B', 'Alumínio', 0),
(195, 49, 'C', 'Isopor', 1),
(196, 49, 'D', 'Aço', 0),
(197, 50, 'A', 'Potência', 0),
(198, 50, 'B', 'Tensão', 0),
(199, 50, 'C', 'Resistência', 1),
(200, 50, 'D', 'Corrente', 0),
(201, 51, 'A', 'Computer Aided Design', 1),
(202, 51, 'B', 'Calculated Area Dimension', 0),
(203, 51, 'C', 'Computerized Automatic Drawing', 0),
(204, 51, 'D', 'Circuit Analysis Design', 0),
(205, 52, 'A', '0,0001 m³', 0),
(206, 52, 'B', '0,01 m³', 0),
(207, 52, 'C', '0,001 m³', 1),
(208, 52, 'D', '1 m³', 0),
(209, 53, 'A', '10', 0),
(210, 53, 'B', '100', 0),
(211, 53, 'C', '1000', 1),
(212, 53, 'D', '10.000', 0),
(213, 54, 'A', '0,01 mm', 0),
(214, 54, 'B', '1 mm', 0),
(215, 54, 'C', '10 mm', 1),
(216, 54, 'D', '100 mm', 0),
(217, 55, 'A', 'Celsius (°C)', 0),
(218, 55, 'B', 'Kelvin (K)', 1),
(219, 55, 'C', 'Fahrenheit (°F)', 0),
(220, 55, 'D', 'Rankine (°R)', 0),
(221, 56, 'A', '10 kg', 0),
(222, 56, 'B', '100 kg', 0),
(223, 56, 'C', '500 kg', 0),
(224, 56, 'D', '1000 kg', 1),
(225, 57, 'A', 'Ajuda Mútua', 0),
(226, 57, 'B', 'Equipa Bem', 0),
(227, 57, 'C', 'Férias Mais', 0),
(228, 57, 'D', 'Auxílio Paletó', 1),
(229, 58, 'A', 'Kgf', 0),
(230, 58, 'B', 'N', 0),
(231, 58, 'C', 'KN', 0),
(232, 58, 'D', 'MCA', 1),
(233, 59, 'A', '0,0000021', 1),
(234, 59, 'B', '0,000021', 0),
(235, 59, 'C', '0,00000021', 0),
(236, 59, 'D', '2.100.000', 0),
(237, 60, 'A', 'm³', 0),
(238, 60, 'B', 'MCA', 0),
(239, 60, 'C', 'Kgf', 1),
(240, 60, 'D', 'in', 0),
(241, 61, 'A', 'Word', 0),
(242, 61, 'B', 'Excel', 0),
(243, 61, 'C', 'AutoCAD', 1),
(244, 61, 'D', 'Photoshop', 0),
(245, 62, 'A', 'SketchUp', 0),
(246, 62, 'B', 'MS Project', 1),
(247, 62, 'C', 'AutoCAD', 0),
(248, 62, 'D', 'PowerPoint', 0),
(249, 63, 'A', 'Uma marca de condimento', 0),
(250, 63, 'B', 'Uma ferramenta usada trabalho em altura', 0),
(251, 63, 'C', 'Um software de modelagem 3D', 1),
(252, 63, 'D', 'Nenhuma das anteriores', 0),
(253, 64, 'A', 'A = b × h', 0),
(254, 64, 'B', 'A = b × h / 2', 1),
(255, 64, 'C', 'A = b + h', 0),
(256, 64, 'D', 'A = (b + h) / 2', 0),
(257, 65, 'A', '90°', 0),
(258, 65, 'B', '360°', 0),
(259, 65, 'C', '270°', 0),
(260, 65, 'D', '180°', 1),
(261, 66, 'A', '80 m²', 0),
(262, 66, 'B', '1500 m²', 1),
(263, 66, 'C', '1000 m²', 0),
(264, 66, 'D', '1600 m²', 0),
(265, 67, 'A', 'H2O2', 0),
(266, 67, 'B', 'NACL', 0),
(267, 67, 'C', '2HO', 1),
(268, 67, 'D', 'O2H', 0),
(269, 68, 'A', '100', 0),
(270, 68, 'B', '55', 0),
(271, 68, 'C', '35', 1),
(272, 68, 'D', '25', 0),
(273, 69, 'A', 'Frequência', 0),
(274, 69, 'B', 'Hertz', 0),
(275, 69, 'C', 'Decibel', 1),
(276, 69, 'D', 'Volts', 0),
(277, 70, 'A', 'Elétron', 0),
(278, 70, 'B', 'Próton', 1),
(279, 70, 'C', 'Nêutron', 0),
(280, 70, 'D', 'Fóton', 0),
(281, 71, 'A', 'Ampère (A)', 1),
(282, 71, 'B', 'Volt (V)', 0),
(283, 71, 'C', 'Ohm (Ω)', 0),
(284, 71, 'D', 'Watt (W)', 0),
(285, 72, 'A', 'Sistema CONFEA/CREA', 1),
(286, 72, 'B', 'Sistema SINAPI', 0),
(287, 72, 'C', 'Sistema SINDUSCON', 0),
(288, 72, 'D', 'Sistema IBGE/INMETRO', 0),
(289, 73, 'A', 'Esfera', 1),
(290, 73, 'B', 'Elipse', 0),
(291, 73, 'C', 'Cone', 0),
(292, 73, 'D', 'Disco', 0),
(293, 74, 'A', 'O cliente cancela o contrato', 0),
(294, 74, 'B', 'O profissional muda de empresa', 0),
(295, 74, 'C', 'O serviço foi concluído', 1),
(296, 74, 'D', 'A obra é embargada', 0),
(297, 75, 'A', 'Participa de qualquer reunião', 0),
(298, 75, 'B', 'Assinou a ART correspondente', 1),
(299, 75, 'C', 'Fez parte da equipe terceirizada', 0),
(300, 75, 'D', 'Realizou o orçamento inicial', 0),
(301, 76, 'A', 'Regularizado se for engenheiro sênior', 0),
(302, 76, 'B', 'Sujeito à penalidade do CREA por exercício ilegal', 1),
(303, 76, 'C', 'Liberado se tiver acordo com o cliente', 0),
(304, 76, 'D', 'Coberto pela empresa executora', 0),
(305, 77, 'A', 'Fiscalização de obras', 0),
(306, 77, 'B', 'Suporte jurídico gratuito', 0),
(307, 77, 'C', 'Empréstimos, auxílios e convênios', 1),
(308, 77, 'D', 'Licenciamento de empresas', 0),
(309, 78, 'A', 'Apenas o contrato de prestação de serviço', 0),
(310, 78, 'B', 'Cópia do diploma do engenheiro', 0),
(311, 78, 'C', 'ART emitida e assinada antes do início do serviço', 1),
(312, 78, 'D', 'Declaração do cliente sobre a qualidade da obra', 0),
(313, 79, 'A', 'Apenas engenheiros civis e eletricistas', 0),
(314, 79, 'B', 'Qualquer profissional registrado em qualquer conselho federal', 0),
(315, 79, 'C', 'Todos os profissionais registrados no sistema CONFEA/CREA', 1),
(316, 79, 'D', 'Apenas funcionários públicos com vínculo técnico', 0),
(317, 80, 'A', 'O CONFEA lida com fiscalização direta de obras, o CREA com legislação', 0),
(318, 80, 'B', 'O CONFEA é o órgão normativo federal; o CREA executa as normas nos estados', 1),
(319, 80, 'C', 'Não há diferença, ambos têm as mesmas funções', 0),
(320, 80, 'D', 'O CREA é federal e o CONFEA é estadual', 0);
